method,false_alarm_rate,bearing,group,threshold,snapshots,detected,lead_snapshots,lead_min,first_alarm_lead_min,false_alarms_healthy,healthy_snapshots,alarm_on_since_healthy,cleared_alarms_after_healthy,conditional_roc_auc,conditional_average_precision
rms_or_transformer,0.001,Bearing1_1,0,3.72296717690347,2803,True,278.0,46.333333333333336,246.83333333333334,0,320,False,1,0.8259894547713801,0.8653433588018271
rms_or_transformer,0.005,Bearing1_1,0,3.72296717690347,2803,True,278.0,46.333333333333336,246.83333333333334,0,320,False,1,0.8259894547713801,0.8653433588018271
rms_or_transformer,0.01,Bearing1_1,0,3.6904913255524985,2803,True,278.0,46.333333333333336,246.83333333333334,0,320,False,2,0.8259894547713801,0.8653433588018271
rms_or_transformer,0.05,Bearing1_1,0,2.8764594437128284,2803,True,280.0,46.666666666666664,246.83333333333334,0,320,False,2,0.8259894547713801,0.8653433588018271
rms_or_transformer,0.001,Bearing1_2,1,31.45277030255608,871,False,,,,0,30,False,0,0.8259894547713801,0.8653433588018271
rms_or_transformer,0.005,Bearing1_2,1,31.45277030255608,871,False,,,,0,30,False,0,0.8259894547713801,0.8653433588018271
rms_or_transformer,0.01,Bearing1_2,1,31.45277030255608,871,False,,,,0,30,False,0,0.8259894547713801,0.8653433588018271
rms_or_transformer,0.05,Bearing1_2,1,2.400705228962697,871,True,42.0,7.0,7.0,1,30,False,0,0.8259894547713801,0.8653433588018271
rms_or_transformer,0.001,Bearing1_3,2,35.024917727922976,2375,True,41.0,6.833333333333333,6.833333333333333,0,256,False,0,0.8259894547713801,0.8653433588018271
rms_or_transformer,0.005,Bearing1_3,2,35.024917727922976,2375,True,41.0,6.833333333333333,6.833333333333333,0,256,False,0,0.8259894547713801,0.8653433588018271
rms_or_transformer,0.01,Bearing1_3,2,35.024917727922976,2375,True,41.0,6.833333333333333,6.833333333333333,0,256,False,0,0.8259894547713801,0.8653433588018271
rms_or_transformer,0.05,Bearing1_3,2,1.9587785372579238,2375,True,1007.0,167.83333333333334,172.66666666666666,0,256,False,1,0.8259894547713801,0.8653433588018271
rms_or_transformer,0.001,Bearing1_5,3,28.272032008545292,2463,True,9.0,1.5,1.5,0,269,False,0,0.8259894547713801,0.8653433588018271
rms_or_transformer,0.005,Bearing1_5,3,28.272032008545292,2463,True,9.0,1.5,1.5,0,269,False,0,0.8259894547713801,0.8653433588018271
rms_or_transformer,0.01,Bearing1_5,3,28.272032008545292,2463,True,9.0,1.5,1.5,0,269,False,0,0.8259894547713801,0.8653433588018271
rms_or_transformer,0.05,Bearing1_5,3,3.6496700001506355,2463,True,47.0,7.833333333333333,23.5,0,269,False,2,0.8259894547713801,0.8653433588018271
rms_or_transformer,0.001,Bearing1_6,0,3.72296717690347,2448,True,30.0,5.0,135.5,0,267,False,5,0.8259894547713801,0.8653433588018271
rms_or_transformer,0.005,Bearing1_6,0,3.72296717690347,2448,True,30.0,5.0,135.5,0,267,False,5,0.8259894547713801,0.8653433588018271
rms_or_transformer,0.01,Bearing1_6,0,3.6904913255524985,2448,True,30.0,5.0,135.5,0,267,False,5,0.8259894547713801,0.8653433588018271
rms_or_transformer,0.05,Bearing1_6,0,2.8764594437128284,2448,True,30.0,5.0,135.5,0,267,False,7,0.8259894547713801,0.8653433588018271
rms_or_transformer,0.001,Bearing1_7,1,31.45277030255608,2259,True,40.0,6.666666666666667,6.666666666666667,0,238,False,0,0.8259894547713801,0.8653433588018271
rms_or_transformer,0.005,Bearing1_7,1,31.45277030255608,2259,True,40.0,6.666666666666667,6.666666666666667,0,238,False,0,0.8259894547713801,0.8653433588018271
rms_or_transformer,0.01,Bearing1_7,1,31.45277030255608,2259,True,40.0,6.666666666666667,6.666666666666667,0,238,False,0,0.8259894547713801,0.8653433588018271
rms_or_transformer,0.05,Bearing1_7,1,2.400705228962697,2259,True,81.0,13.5,87.0,0,238,False,5,0.8259894547713801,0.8653433588018271
rms_or_transformer,0.001,Bearing2_1,2,35.024917727922976,911,False,,,,0,36,False,0,0.8259894547713801,0.8653433588018271
rms_or_transformer,0.005,Bearing2_1,2,35.024917727922976,911,False,,,,0,36,False,0,0.8259894547713801,0.8653433588018271
rms_or_transformer,0.01,Bearing2_1,2,35.024917727922976,911,False,,,,0,36,False,0,0.8259894547713801,0.8653433588018271
rms_or_transformer,0.05,Bearing2_1,2,1.9587785372579238,911,True,769.0,128.16666666666666,128.16666666666666,0,36,False,0,0.8259894547713801,0.8653433588018271
rms_or_transformer,0.001,Bearing2_2,3,28.272032008545292,797,True,41.0,6.833333333333333,84.66666666666667,0,19,False,1,0.8259894547713801,0.8653433588018271
rms_or_transformer,0.005,Bearing2_2,3,28.272032008545292,797,True,41.0,6.833333333333333,84.66666666666667,0,19,False,1,0.8259894547713801,0.8653433588018271
rms_or_transformer,0.01,Bearing2_2,3,28.272032008545292,797,True,41.0,6.833333333333333,84.66666666666667,0,19,False,1,0.8259894547713801,0.8653433588018271
rms_or_transformer,0.05,Bearing2_2,3,3.6496700001506355,797,True,607.0,101.16666666666667,101.16666666666667,0,19,False,0,0.8259894547713801,0.8653433588018271
rms_or_transformer,0.001,Bearing2_3,0,3.72296717690347,1955,True,4.0,0.6666666666666666,200.83333333333334,1,193,False,3,0.8259894547713801,0.8653433588018271
rms_or_transformer,0.005,Bearing2_3,0,3.72296717690347,1955,True,4.0,0.6666666666666666,200.83333333333334,1,193,False,3,0.8259894547713801,0.8653433588018271
rms_or_transformer,0.01,Bearing2_3,0,3.6904913255524985,1955,True,4.0,0.6666666666666666,200.83333333333334,1,193,False,3,0.8259894547713801,0.8653433588018271
rms_or_transformer,0.05,Bearing2_3,0,2.8764594437128284,1955,True,4.0,0.6666666666666666,203.33333333333334,1,193,False,2,0.8259894547713801,0.8653433588018271
rms_or_transformer,0.001,Bearing2_4,1,31.45277030255608,751,False,,,,0,12,False,0,0.8259894547713801,0.8653433588018271
rms_or_transformer,0.005,Bearing2_4,1,31.45277030255608,751,False,,,,0,12,False,0,0.8259894547713801,0.8653433588018271
rms_or_transformer,0.01,Bearing2_4,1,31.45277030255608,751,False,,,,0,12,False,0,0.8259894547713801,0.8653433588018271
rms_or_transformer,0.05,Bearing2_4,1,2.400705228962697,751,True,11.0,1.8333333333333333,63.333333333333336,0,12,False,1,0.8259894547713801,0.8653433588018271
rms_or_transformer,0.001,Bearing2_5,2,35.024917727922976,2311,False,,,,0,246,False,0,0.8259894547713801,0.8653433588018271
rms_or_transformer,0.005,Bearing2_5,2,35.024917727922976,2311,False,,,,0,246,False,0,0.8259894547713801,0.8653433588018271
rms_or_transformer,0.01,Bearing2_5,2,35.024917727922976,2311,False,,,,0,246,False,0,0.8259894547713801,0.8653433588018271
rms_or_transformer,0.05,Bearing2_5,2,1.9587785372579238,2311,True,43.0,7.166666666666667,317.6666666666667,2,246,False,4,0.8259894547713801,0.8653433588018271
rms_or_transformer,0.001,Bearing2_6,3,28.272032008545292,701,True,9.0,1.5,1.5,0,5,False,0,0.8259894547713801,0.8653433588018271
rms_or_transformer,0.005,Bearing2_6,3,28.272032008545292,701,True,9.0,1.5,1.5,0,5,False,0,0.8259894547713801,0.8653433588018271
rms_or_transformer,0.01,Bearing2_6,3,28.272032008545292,701,True,9.0,1.5,1.5,0,5,False,0,0.8259894547713801,0.8653433588018271
rms_or_transformer,0.05,Bearing2_6,3,3.6496700001506355,701,True,9.0,1.5,1.5,0,5,False,0,0.8259894547713801,0.8653433588018271
rms_or_transformer,0.001,Bearing2_7,0,3.72296717690347,230,True,7.0,1.1666666666666667,1.1666666666666667,0,0,False,0,0.8259894547713801,0.8653433588018271
rms_or_transformer,0.005,Bearing2_7,0,3.72296717690347,230,True,7.0,1.1666666666666667,1.1666666666666667,0,0,False,0,0.8259894547713801,0.8653433588018271
rms_or_transformer,0.01,Bearing2_7,0,3.6904913255524985,230,True,7.0,1.1666666666666667,1.1666666666666667,0,0,False,0,0.8259894547713801,0.8653433588018271
rms_or_transformer,0.05,Bearing2_7,0,2.8764594437128284,230,True,27.0,4.5,4.5,0,0,False,0,0.8259894547713801,0.8653433588018271
rms_or_transformer,0.001,Bearing3_1,1,31.45277030255608,515,False,,,,0,0,False,0,0.8259894547713801,0.8653433588018271
rms_or_transformer,0.005,Bearing3_1,1,31.45277030255608,515,False,,,,0,0,False,0,0.8259894547713801,0.8653433588018271
rms_or_transformer,0.01,Bearing3_1,1,31.45277030255608,515,False,,,,0,0,False,0,0.8259894547713801,0.8653433588018271
rms_or_transformer,0.05,Bearing3_1,1,2.400705228962697,515,True,20.0,3.3333333333333335,3.3333333333333335,0,0,False,0,0.8259894547713801,0.8653433588018271
rms_or_transformer,0.001,Bearing3_2,2,35.024917727922976,1637,True,8.0,1.3333333333333333,1.3333333333333333,0,145,False,0,0.8259894547713801,0.8653433588018271
rms_or_transformer,0.005,Bearing3_2,2,35.024917727922976,1637,True,8.0,1.3333333333333333,1.3333333333333333,0,145,False,0,0.8259894547713801,0.8653433588018271
rms_or_transformer,0.01,Bearing3_2,2,35.024917727922976,1637,True,8.0,1.3333333333333333,1.3333333333333333,0,145,False,0,0.8259894547713801,0.8653433588018271
rms_or_transformer,0.05,Bearing3_2,2,1.9587785372579238,1637,True,202.0,33.666666666666664,118.33333333333333,1,145,False,2,0.8259894547713801,0.8653433588018271
rms_or_transformer,0.001,Bearing3_3,3,28.272032008545292,434,False,,,,0,0,False,0,0.8259894547713801,0.8653433588018271
rms_or_transformer,0.005,Bearing3_3,3,28.272032008545292,434,False,,,,0,0,False,0,0.8259894547713801,0.8653433588018271
rms_or_transformer,0.01,Bearing3_3,3,28.272032008545292,434,False,,,,0,0,False,0,0.8259894547713801,0.8653433588018271
rms_or_transformer,0.05,Bearing3_3,3,3.6496700001506355,434,True,116.0,19.333333333333332,19.333333333333332,0,0,False,0,0.8259894547713801,0.8653433588018271
