method,false_alarm_rate,detected,median_lead_min,mean_lead_min,median_first_alarm_lead_min,cleared_alarms,false_alarms_healthy,alarm_on_since_healthy,cond_roc_auc,cond_avg_precision
ecod,0.001,13/16,1.3333333333333333,18.91025641025641,1.5,31,1,0,0.9594367622118112,0.9535053543824978
ecod,0.005,13/16,1.3333333333333333,18.91025641025641,1.5,31,1,0,0.9594367622118112,0.9535053543824978
ecod,0.01,13/16,1.3333333333333333,18.91025641025641,1.5,31,1,0,0.9594367622118112,0.9535053543824978
ecod,0.05,15/16,7.833333333333333,82.64444444444445,96.0,54,2,1,0.9594367622118112,0.9535053543824978
kurtosis,0.001,3/16,0.3333333333333333,0.3333333333333333,191.0,22,1,0,0.8197479556025725,0.816294615981501
kurtosis,0.005,3/16,0.3333333333333333,0.3333333333333333,191.0,22,1,0,0.8197479556025725,0.816294615981501
kurtosis,0.01,3/16,0.6666666666666666,7.4444444444444455,187.0,33,1,0,0.8197479556025725,0.816294615981501
kurtosis,0.05,13/16,8.333333333333334,36.03846153846154,106.83333333333331,86,6,0,0.8197479556025725,0.816294615981501
rms,0.001,12/16,1.75,7.083333333333333,4.5,16,1,0,0.6889061004483401,0.7926150475430607
rms,0.005,12/16,1.75,7.083333333333333,4.5,16,1,0,0.6889061004483401,0.7926150475430607
rms,0.01,12/16,1.75,7.319444444444444,4.5,18,1,0,0.6889061004483401,0.7926150475430607
rms,0.05,16/16,7.416666666666666,36.48958333333333,80.83333333333333,36,2,0,0.6889061004483401,0.7926150475430607
