method,false_alarm_rate,bearing,failed,threshold,calibrated_on,detected,lead_snapshots,lead_min,first_alarm_lead_min,false_alarms_healthy,healthy_snapshots,alarm_on_since_healthy,cleared_alarms_after_healthy,lead_h,first_alarm_lead_h,alarm_on_at_end
rms,0.001,Bearing1,True,1.5916489227219601,Bearing2 Bearing3 Bearing4,True,455.0,4550.0,4550.0,0,292,False,0,75.83333333333333,75.83333333333333,True
rms,0.005,Bearing1,True,1.5916489227219601,Bearing2 Bearing3 Bearing4,True,455.0,4550.0,4550.0,0,292,False,0,75.83333333333333,75.83333333333333,True
rms,0.01,Bearing1,True,1.5916489227219601,Bearing2 Bearing3 Bearing4,True,455.0,4550.0,4550.0,0,292,False,0,75.83333333333333,75.83333333333333,True
rms,0.05,Bearing1,True,1.3233814921917888,Bearing2 Bearing3 Bearing4,True,455.0,4550.0,5250.0,0,292,False,2,75.83333333333333,87.5,True
rms,0.001,Bearing2,False,1.4786592415191886,Bearing3 Bearing4,True,275.0,2750.0,2750.0,0,292,False,0,45.833333333333336,45.833333333333336,True
rms,0.005,Bearing2,False,1.4786592415191886,Bearing3 Bearing4,True,275.0,2750.0,2750.0,0,292,False,0,45.833333333333336,45.833333333333336,True
rms,0.01,Bearing2,False,1.4786592415191886,Bearing3 Bearing4,True,275.0,2750.0,2750.0,0,292,False,0,45.833333333333336,45.833333333333336,True
rms,0.05,Bearing2,False,1.298937515823428,Bearing3 Bearing4,True,275.0,2750.0,2750.0,0,292,False,0,45.833333333333336,45.833333333333336,True
rms,0.001,Bearing3,False,1.5674954142617206,Bearing2 Bearing4,True,105.0,1050.0,1050.0,0,292,False,0,17.5,17.5,True
rms,0.005,Bearing3,False,1.5674954142617206,Bearing2 Bearing4,True,105.0,1050.0,1050.0,0,292,False,0,17.5,17.5,True
rms,0.01,Bearing3,False,1.5674954142617206,Bearing2 Bearing4,True,105.0,1050.0,1050.0,0,292,False,0,17.5,17.5,True
rms,0.05,Bearing3,False,1.327863515016164,Bearing2 Bearing4,True,106.0,1060.0,1060.0,0,292,False,0,17.666666666666668,17.666666666666668,True
rms,0.001,Bearing4,False,1.824195008110437,Bearing2 Bearing3,True,390.0,3900.0,4460.0,3,292,False,2,65.0,74.33333333333333,True
rms,0.005,Bearing4,False,1.824195008110437,Bearing2 Bearing3,True,390.0,3900.0,4460.0,3,292,False,2,65.0,74.33333333333333,True
rms,0.01,Bearing4,False,1.824195008110437,Bearing2 Bearing3,True,390.0,3900.0,4460.0,3,292,False,2,65.0,74.33333333333333,True
rms,0.05,Bearing4,False,1.5849441399881867,Bearing2 Bearing3,True,446.0,4460.0,4460.0,4,292,False,0,74.33333333333333,74.33333333333333,True
kurtosis,0.001,Bearing1,True,1.7909572201146748,Bearing2 Bearing3 Bearing4,True,8.0,80.0,3320.0,0,292,False,1,1.3333333333333333,55.333333333333336,True
kurtosis,0.005,Bearing1,True,1.7909572201146748,Bearing2 Bearing3 Bearing4,True,8.0,80.0,3320.0,0,292,False,1,1.3333333333333333,55.333333333333336,True
kurtosis,0.01,Bearing1,True,1.7909572201146748,Bearing2 Bearing3 Bearing4,True,8.0,80.0,3320.0,0,292,False,1,1.3333333333333333,55.333333333333336,True
kurtosis,0.05,Bearing1,True,1.3627275622247206,Bearing2 Bearing3 Bearing4,True,8.0,80.0,3520.0,0,292,False,1,1.3333333333333333,58.666666666666664,True
kurtosis,0.001,Bearing2,False,1.7401751740271536,Bearing3 Bearing4,True,0.0,0.0,0.0,0,292,False,0,0.0,0.0,True
kurtosis,0.005,Bearing2,False,1.7401751740271536,Bearing3 Bearing4,True,0.0,0.0,0.0,0,292,False,0,0.0,0.0,True
kurtosis,0.01,Bearing2,False,1.7401751740271536,Bearing3 Bearing4,True,0.0,0.0,0.0,0,292,False,0,0.0,0.0,True
kurtosis,0.05,Bearing2,False,1.349907328130592,Bearing3 Bearing4,True,0.0,0.0,0.0,0,292,False,0,0.0,0.0,True
kurtosis,0.001,Bearing3,False,1.5472981141271476,Bearing2 Bearing4,False,,,,1,292,False,0,,,False
kurtosis,0.005,Bearing3,False,1.5472981141271476,Bearing2 Bearing4,False,,,,1,292,False,0,,,False
kurtosis,0.01,Bearing3,False,1.5472981141271476,Bearing2 Bearing4,False,,,,1,292,False,0,,,False
kurtosis,0.05,Bearing3,False,0.8428241281201069,Bearing2 Bearing4,False,,,5740.0,4,292,False,5,,95.66666666666667,False
kurtosis,0.001,Bearing4,False,1.8546566379569163,Bearing2 Bearing3,True,6.0,60.0,2570.0,0,292,False,2,1.0,42.833333333333336,True
kurtosis,0.005,Bearing4,False,1.8546566379569163,Bearing2 Bearing3,True,6.0,60.0,2570.0,0,292,False,2,1.0,42.833333333333336,True
kurtosis,0.01,Bearing4,False,1.8546566379569163,Bearing2 Bearing3,True,6.0,60.0,2570.0,0,292,False,2,1.0,42.833333333333336,True
kurtosis,0.05,Bearing4,False,1.3940936676527642,Bearing2 Bearing3,True,6.0,60.0,2670.0,1,292,False,3,1.0,44.5,True
ecod,0.001,Bearing1,True,2.006556382088705,Bearing2 Bearing3 Bearing4,True,446.0,4460.0,4920.0,0,292,False,1,74.33333333333333,82.0,True
ecod,0.005,Bearing1,True,2.006556382088705,Bearing2 Bearing3 Bearing4,True,446.0,4460.0,4920.0,0,292,False,1,74.33333333333333,82.0,True
ecod,0.01,Bearing1,True,2.006556382088705,Bearing2 Bearing3 Bearing4,True,446.0,4460.0,4920.0,0,292,False,1,74.33333333333333,82.0,True
ecod,0.05,Bearing1,True,1.7349309962141524,Bearing2 Bearing3 Bearing4,True,448.0,4480.0,5730.0,0,292,False,2,74.66666666666667,95.5,True
ecod,0.001,Bearing2,False,1.7643981502126327,Bearing3 Bearing4,True,275.0,2750.0,2750.0,0,292,False,0,45.833333333333336,45.833333333333336,True
ecod,0.005,Bearing2,False,1.7643981502126327,Bearing3 Bearing4,True,275.0,2750.0,2750.0,0,292,False,0,45.833333333333336,45.833333333333336,True
ecod,0.01,Bearing2,False,1.7643981502126327,Bearing3 Bearing4,True,275.0,2750.0,2750.0,0,292,False,0,45.833333333333336,45.833333333333336,True
ecod,0.05,Bearing2,False,1.5383393121202154,Bearing3 Bearing4,True,275.0,2750.0,2750.0,0,292,False,0,45.833333333333336,45.833333333333336,True
ecod,0.001,Bearing3,False,1.6996766932059835,Bearing2 Bearing4,True,380.0,3800.0,5220.0,7,292,False,1,63.333333333333336,87.0,True
ecod,0.005,Bearing3,False,1.6996766932059835,Bearing2 Bearing4,True,380.0,3800.0,5220.0,7,292,False,1,63.333333333333336,87.0,True
ecod,0.01,Bearing3,False,1.6996766932059835,Bearing2 Bearing4,True,380.0,3800.0,5220.0,7,292,False,1,63.333333333333336,87.0,True
ecod,0.05,Bearing3,False,1.2068001816277485,Bearing2 Bearing4,False,,,,3,292,True,0,,,True
ecod,0.001,Bearing4,False,1.559876439279906,Bearing2 Bearing3,True,330.0,3300.0,3300.0,0,292,False,0,55.0,55.0,True
ecod,0.005,Bearing4,False,1.559876439279906,Bearing2 Bearing3,True,330.0,3300.0,3300.0,0,292,False,0,55.0,55.0,True
ecod,0.01,Bearing4,False,1.559876439279906,Bearing2 Bearing3,True,330.0,3300.0,3300.0,0,292,False,0,55.0,55.0,True
ecod,0.05,Bearing4,False,1.3471957644428472,Bearing2 Bearing3,True,330.0,3300.0,3300.0,0,292,False,0,55.0,55.0,True
transformer_w128_p16,0.001,Bearing1,True,1.126781320776123,Bearing2 Bearing3 Bearing4,True,286.0,2860.0,5780.0,3,292,False,5,47.666666666666664,96.33333333333333,True
transformer_w128_p16,0.005,Bearing1,True,1.126781320776123,Bearing2 Bearing3 Bearing4,True,286.0,2860.0,5780.0,3,292,False,5,47.666666666666664,96.33333333333333,True
transformer_w128_p16,0.01,Bearing1,True,1.126781320776123,Bearing2 Bearing3 Bearing4,True,286.0,2860.0,5780.0,3,292,False,5,47.666666666666664,96.33333333333333,True
transformer_w128_p16,0.05,Bearing1,True,0.9822626588087059,Bearing2 Bearing3 Bearing4,True,290.0,2900.0,5780.0,3,292,False,5,48.333333333333336,96.33333333333333,True
transformer_w128_p16,0.001,Bearing2,False,1.1147839603111511,Bearing3 Bearing4,True,151.0,1510.0,4740.0,0,292,False,2,25.166666666666668,79.0,True
transformer_w128_p16,0.005,Bearing2,False,1.1147839603111511,Bearing3 Bearing4,True,151.0,1510.0,4740.0,0,292,False,2,25.166666666666668,79.0,True
transformer_w128_p16,0.01,Bearing2,False,1.1147839603111511,Bearing3 Bearing4,True,151.0,1510.0,4740.0,0,292,False,2,25.166666666666668,79.0,True
transformer_w128_p16,0.05,Bearing2,False,1.1147839603111511,Bearing3 Bearing4,True,151.0,1510.0,4740.0,0,292,False,2,25.166666666666668,79.0,True
transformer_w128_p16,0.001,Bearing3,False,1.162498931561752,Bearing2 Bearing4,True,103.0,1030.0,2680.0,0,292,False,1,17.166666666666668,44.666666666666664,True
transformer_w128_p16,0.005,Bearing3,False,1.162498931561752,Bearing2 Bearing4,True,103.0,1030.0,2680.0,0,292,False,1,17.166666666666668,44.666666666666664,True
transformer_w128_p16,0.01,Bearing3,False,1.162498931561752,Bearing2 Bearing4,True,103.0,1030.0,2680.0,0,292,False,1,17.166666666666668,44.666666666666664,True
transformer_w128_p16,0.05,Bearing3,False,1.162498931561752,Bearing2 Bearing4,True,103.0,1030.0,2680.0,0,292,False,1,17.166666666666668,44.666666666666664,True
transformer_w128_p16,0.001,Bearing4,False,0.9838181400024304,Bearing2 Bearing3,True,276.0,2760.0,5030.0,1,292,False,5,46.0,83.83333333333333,True
transformer_w128_p16,0.005,Bearing4,False,0.9838181400024304,Bearing2 Bearing3,True,276.0,2760.0,5030.0,1,292,False,5,46.0,83.83333333333333,True
transformer_w128_p16,0.01,Bearing4,False,0.9838181400024304,Bearing2 Bearing3,True,276.0,2760.0,5030.0,1,292,False,5,46.0,83.83333333333333,True
transformer_w128_p16,0.05,Bearing4,False,0.8894890872849677,Bearing2 Bearing3,True,277.0,2770.0,5710.0,1,292,False,7,46.166666666666664,95.16666666666667,True
transformer_w64_p8,0.001,Bearing1,True,1.0045057573107055,Bearing2 Bearing3 Bearing4,True,336.0,3360.0,4950.0,3,292,False,3,56.0,82.5,True
transformer_w64_p8,0.005,Bearing1,True,1.0045057573107055,Bearing2 Bearing3 Bearing4,True,336.0,3360.0,4950.0,3,292,False,3,56.0,82.5,True
transformer_w64_p8,0.01,Bearing1,True,1.0045057573107055,Bearing2 Bearing3 Bearing4,True,336.0,3360.0,4950.0,3,292,False,3,56.0,82.5,True
transformer_w64_p8,0.05,Bearing1,True,0.7839968990762493,Bearing2 Bearing3 Bearing4,True,372.0,3720.0,5780.0,4,292,False,3,62.0,96.33333333333333,True
transformer_w64_p8,0.001,Bearing2,False,0.9909438042458744,Bearing3 Bearing4,True,152.0,1520.0,5130.0,0,292,False,2,25.333333333333332,85.5,True
transformer_w64_p8,0.005,Bearing2,False,0.9909438042458744,Bearing3 Bearing4,True,152.0,1520.0,5130.0,0,292,False,2,25.333333333333332,85.5,True
transformer_w64_p8,0.01,Bearing2,False,0.9909438042458744,Bearing3 Bearing4,True,152.0,1520.0,5130.0,0,292,False,2,25.333333333333332,85.5,True
transformer_w64_p8,0.05,Bearing2,False,0.8456649833019327,Bearing3 Bearing4,True,152.0,1520.0,5130.0,0,292,False,5,25.333333333333332,85.5,True
transformer_w64_p8,0.001,Bearing3,False,1.0034447591430182,Bearing2 Bearing4,True,105.0,1050.0,1050.0,0,292,False,0,17.5,17.5,True
transformer_w64_p8,0.005,Bearing3,False,1.0034447591430182,Bearing2 Bearing4,True,105.0,1050.0,1050.0,0,292,False,0,17.5,17.5,True
transformer_w64_p8,0.01,Bearing3,False,1.0034447591430182,Bearing2 Bearing4,True,105.0,1050.0,1050.0,0,292,False,0,17.5,17.5,True
transformer_w64_p8,0.05,Bearing3,False,0.8494658494824234,Bearing2 Bearing4,True,105.0,1050.0,1050.0,0,292,False,0,17.5,17.5,True
transformer_w64_p8,0.001,Bearing4,False,0.8378095979097226,Bearing2 Bearing3,True,171.0,1710.0,5710.0,2,292,False,7,28.5,95.16666666666667,True
transformer_w64_p8,0.005,Bearing4,False,0.8378095979097226,Bearing2 Bearing3,True,171.0,1710.0,5710.0,2,292,False,7,28.5,95.16666666666667,True
transformer_w64_p8,0.01,Bearing4,False,0.8378095979097226,Bearing2 Bearing3,True,171.0,1710.0,5710.0,2,292,False,7,28.5,95.16666666666667,True
transformer_w64_p8,0.05,Bearing4,False,0.8181408108489562,Bearing2 Bearing3,True,171.0,1710.0,5710.0,2,292,False,8,28.5,95.16666666666667,True
transformer_w32_p4,0.001,Bearing1,True,1.4108107644917498,Bearing2 Bearing3 Bearing4,True,280.0,2800.0,4450.0,1,292,False,3,46.666666666666664,74.16666666666667,True
transformer_w32_p4,0.005,Bearing1,True,1.4108107644917498,Bearing2 Bearing3 Bearing4,True,280.0,2800.0,4450.0,1,292,False,3,46.666666666666664,74.16666666666667,True
transformer_w32_p4,0.01,Bearing1,True,1.4108107644917498,Bearing2 Bearing3 Bearing4,True,280.0,2800.0,4450.0,1,292,False,3,46.666666666666664,74.16666666666667,True
transformer_w32_p4,0.05,Bearing1,True,1.170031033673942,Bearing2 Bearing3 Bearing4,True,280.0,2800.0,4940.0,1,292,False,4,46.666666666666664,82.33333333333333,True
transformer_w32_p4,0.001,Bearing2,False,1.3457547391243367,Bearing3 Bearing4,True,103.0,1030.0,2750.0,0,292,False,2,17.166666666666668,45.833333333333336,True
transformer_w32_p4,0.005,Bearing2,False,1.3457547391243367,Bearing3 Bearing4,True,103.0,1030.0,2750.0,0,292,False,2,17.166666666666668,45.833333333333336,True
transformer_w32_p4,0.01,Bearing2,False,1.3457547391243367,Bearing3 Bearing4,True,103.0,1030.0,2750.0,0,292,False,2,17.166666666666668,45.833333333333336,True
transformer_w32_p4,0.05,Bearing2,False,1.1512692441552157,Bearing3 Bearing4,True,103.0,1030.0,4740.0,0,292,False,3,17.166666666666668,79.0,True
transformer_w32_p4,0.001,Bearing3,False,1.2948625657726067,Bearing2 Bearing4,True,23.0,230.0,540.0,1,292,False,1,3.8333333333333335,9.0,True
transformer_w32_p4,0.005,Bearing3,False,1.2948625657726067,Bearing2 Bearing4,True,23.0,230.0,540.0,1,292,False,1,3.8333333333333335,9.0,True
transformer_w32_p4,0.01,Bearing3,False,1.2948625657726067,Bearing2 Bearing4,True,23.0,230.0,540.0,1,292,False,1,3.8333333333333335,9.0,True
transformer_w32_p4,0.05,Bearing3,False,1.0758029179852493,Bearing2 Bearing4,True,23.0,230.0,1010.0,2,292,False,2,3.8333333333333335,16.833333333333332,True
transformer_w32_p4,0.001,Bearing4,False,1.5500563819585018,Bearing2 Bearing3,True,107.0,1070.0,2760.0,0,292,False,3,17.833333333333332,46.0,True
transformer_w32_p4,0.005,Bearing4,False,1.5500563819585018,Bearing2 Bearing3,True,107.0,1070.0,2760.0,0,292,False,3,17.833333333333332,46.0,True
transformer_w32_p4,0.01,Bearing4,False,1.5500563819585018,Bearing2 Bearing3,True,107.0,1070.0,2760.0,0,292,False,3,17.833333333333332,46.0,True
transformer_w32_p4,0.05,Bearing4,False,1.3034381654351341,Bearing2 Bearing3,True,107.0,1070.0,2760.0,1,292,False,2,17.833333333333332,46.0,True
rms_or_transformer,0.001,Bearing1,True,1.2721851010384957,Bearing2 Bearing3 Bearing4,True,455.0,4550.0,5780.0,2,292,False,2,75.83333333333333,96.33333333333333,True
rms_or_transformer,0.005,Bearing1,True,1.2721851010384957,Bearing2 Bearing3 Bearing4,True,455.0,4550.0,5780.0,2,292,False,2,75.83333333333333,96.33333333333333,True
rms_or_transformer,0.01,Bearing1,True,1.2721851010384957,Bearing2 Bearing3 Bearing4,True,455.0,4550.0,5780.0,2,292,False,2,75.83333333333333,96.33333333333333,True
rms_or_transformer,0.05,Bearing1,True,1.1300840019875222,Bearing2 Bearing3 Bearing4,True,455.0,4550.0,5780.0,3,292,False,3,75.83333333333333,96.33333333333333,True
rms_or_transformer,0.001,Bearing2,False,1.2158722563004243,Bearing3 Bearing4,True,275.0,2750.0,4740.0,0,292,False,1,45.833333333333336,79.0,True
rms_or_transformer,0.005,Bearing2,False,1.2158722563004243,Bearing3 Bearing4,True,275.0,2750.0,4740.0,0,292,False,1,45.833333333333336,79.0,True
rms_or_transformer,0.01,Bearing2,False,1.2158722563004243,Bearing3 Bearing4,True,275.0,2750.0,4740.0,0,292,False,1,45.833333333333336,79.0,True
rms_or_transformer,0.05,Bearing2,False,1.0795951910368096,Bearing3 Bearing4,True,275.0,2750.0,4740.0,0,292,False,1,45.833333333333336,79.0,True
rms_or_transformer,0.001,Bearing3,False,1.2135635318348328,Bearing2 Bearing4,True,106.0,1060.0,2680.0,0,292,False,1,17.666666666666668,44.666666666666664,True
rms_or_transformer,0.005,Bearing3,False,1.2135635318348328,Bearing2 Bearing4,True,106.0,1060.0,2680.0,0,292,False,1,17.666666666666668,44.666666666666664,True
rms_or_transformer,0.01,Bearing3,False,1.2135635318348328,Bearing2 Bearing4,True,106.0,1060.0,2680.0,0,292,False,1,17.666666666666668,44.666666666666664,True
rms_or_transformer,0.05,Bearing3,False,1.060552390818742,Bearing2 Bearing4,True,106.0,1060.0,2680.0,0,292,False,1,17.666666666666668,44.666666666666664,True
rms_or_transformer,0.001,Bearing4,False,1.009937348211369,Bearing2 Bearing3,True,427.0,4270.0,5030.0,2,292,False,2,71.16666666666667,83.83333333333333,True
rms_or_transformer,0.005,Bearing4,False,1.009937348211369,Bearing2 Bearing3,True,427.0,4270.0,5030.0,2,292,False,2,71.16666666666667,83.83333333333333,True
rms_or_transformer,0.01,Bearing4,False,1.009937348211369,Bearing2 Bearing3,True,427.0,4270.0,5030.0,2,292,False,2,71.16666666666667,83.83333333333333,True
rms_or_transformer,0.05,Bearing4,False,0.8865410470166981,Bearing2 Bearing3,True,427.0,4270.0,5710.0,2,292,False,3,71.16666666666667,95.16666666666667,True
chronos_bolt_small,0.001,Bearing1,True,1.2845167502980364,Bearing2 Bearing3 Bearing4,True,277.0,2770.0,4450.0,1,292,False,3,46.166666666666664,74.16666666666667,True
chronos_bolt_small,0.005,Bearing1,True,1.2845167502980364,Bearing2 Bearing3 Bearing4,True,277.0,2770.0,4450.0,1,292,False,3,46.166666666666664,74.16666666666667,True
chronos_bolt_small,0.01,Bearing1,True,1.1363898409804638,Bearing2 Bearing3 Bearing4,True,277.0,2770.0,4450.0,1,292,False,3,46.166666666666664,74.16666666666667,True
chronos_bolt_small,0.05,Bearing1,True,0.9590873902542533,Bearing2 Bearing3 Bearing4,True,279.0,2790.0,5780.0,3,292,False,5,46.5,96.33333333333333,True
chronos_bolt_small,0.001,Bearing2,False,1.2397333178778047,Bearing3 Bearing4,True,103.0,1030.0,2750.0,0,292,False,2,17.166666666666668,45.833333333333336,True
chronos_bolt_small,0.005,Bearing2,False,1.2397333178778047,Bearing3 Bearing4,True,103.0,1030.0,2750.0,0,292,False,2,17.166666666666668,45.833333333333336,True
chronos_bolt_small,0.01,Bearing2,False,1.2397333178778047,Bearing3 Bearing4,True,103.0,1030.0,2750.0,0,292,False,2,17.166666666666668,45.833333333333336,True
chronos_bolt_small,0.05,Bearing2,False,0.9240500372670885,Bearing3 Bearing4,True,117.0,1170.0,4740.0,1,292,False,3,19.5,79.0,True
chronos_bolt_small,0.001,Bearing3,False,1.1959477062618349,Bearing2 Bearing4,True,27.0,270.0,2680.0,1,292,False,2,4.5,44.666666666666664,True
chronos_bolt_small,0.005,Bearing3,False,1.1959477062618349,Bearing2 Bearing4,True,27.0,270.0,2680.0,1,292,False,2,4.5,44.666666666666664,True
chronos_bolt_small,0.01,Bearing3,False,1.1959477062618349,Bearing2 Bearing4,True,27.0,270.0,2680.0,1,292,False,2,4.5,44.666666666666664,True
chronos_bolt_small,0.05,Bearing3,False,1.0161803859010246,Bearing2 Bearing4,True,28.0,280.0,2680.0,1,292,False,4,4.666666666666667,44.666666666666664,True
chronos_bolt_small,0.001,Bearing4,False,1.2995966959230039,Bearing2 Bearing3,True,113.0,1130.0,3170.0,0,292,False,3,18.833333333333332,52.833333333333336,True
chronos_bolt_small,0.005,Bearing4,False,1.2995966959230039,Bearing2 Bearing3,True,113.0,1130.0,3170.0,0,292,False,3,18.833333333333332,52.833333333333336,True
chronos_bolt_small,0.01,Bearing4,False,1.2995966959230039,Bearing2 Bearing3,True,113.0,1130.0,3170.0,0,292,False,3,18.833333333333332,52.833333333333336,True
chronos_bolt_small,0.05,Bearing4,False,0.9844397615135785,Bearing2 Bearing3,True,277.0,2770.0,5030.0,1,292,False,5,46.166666666666664,83.83333333333333,True
