method,false_alarm_rate,bearing1_detected,bearing1_lead_h,bearing1_first_alarm_lead_h,false_alarms_healthy_all_bearings,bearings_2_4_alarm_on_at_end
rms,0.001,True,75.83333333333333,75.83333333333333,3,3
rms,0.005,True,75.83333333333333,75.83333333333333,3,3
rms,0.01,True,75.83333333333333,75.83333333333333,3,3
rms,0.05,True,75.83333333333333,87.5,4,3
kurtosis,0.001,True,1.3333333333333333,55.333333333333336,1,2
kurtosis,0.005,True,1.3333333333333333,55.333333333333336,1,2
kurtosis,0.01,True,1.3333333333333333,55.333333333333336,1,2
kurtosis,0.05,True,1.3333333333333333,58.666666666666664,5,2
ecod,0.001,True,74.33333333333333,82.0,7,3
ecod,0.005,True,74.33333333333333,82.0,7,3
ecod,0.01,True,74.33333333333333,82.0,7,3
ecod,0.05,True,74.66666666666667,95.5,3,3
transformer_w128_p16,0.001,True,47.666666666666664,96.33333333333333,4,3
transformer_w128_p16,0.005,True,47.666666666666664,96.33333333333333,4,3
transformer_w128_p16,0.01,True,47.666666666666664,96.33333333333333,4,3
transformer_w128_p16,0.05,True,48.333333333333336,96.33333333333333,4,3
transformer_w64_p8,0.001,True,56.0,82.5,5,3
transformer_w64_p8,0.005,True,56.0,82.5,5,3
transformer_w64_p8,0.01,True,56.0,82.5,5,3
transformer_w64_p8,0.05,True,62.0,96.33333333333333,6,3
transformer_w32_p4,0.001,True,46.666666666666664,74.16666666666667,2,3
transformer_w32_p4,0.005,True,46.666666666666664,74.16666666666667,2,3
transformer_w32_p4,0.01,True,46.666666666666664,74.16666666666667,2,3
transformer_w32_p4,0.05,True,46.666666666666664,82.33333333333333,4,3
rms_or_transformer,0.001,True,75.83333333333333,96.33333333333333,4,3
rms_or_transformer,0.005,True,75.83333333333333,96.33333333333333,4,3
rms_or_transformer,0.01,True,75.83333333333333,96.33333333333333,4,3
rms_or_transformer,0.05,True,75.83333333333333,96.33333333333333,5,3
chronos_bolt_small,0.001,True,46.166666666666664,74.16666666666667,2,3
chronos_bolt_small,0.005,True,46.166666666666664,74.16666666666667,2,3
chronos_bolt_small,0.01,True,46.166666666666664,74.16666666666667,2,3
chronos_bolt_small,0.05,True,46.5,96.33333333333333,6,3
