bearing,subset,condition,rpm,load_n,snapshots,duration_h,off_grid_time_stamps,end_is_failure
Bearing1_3,Full_Test_Set,1,1800,4000,2375,6.59,0,True
Bearing1_4,Full_Test_Set,1,1800,4000,1428,3.96,0,False
Bearing1_5,Full_Test_Set,1,1800,4000,2463,6.84,0,True
Bearing1_6,Full_Test_Set,1,1800,4000,2448,6.8,0,True
Bearing1_7,Full_Test_Set,1,1800,4000,2259,6.27,0,True
Bearing2_3,Full_Test_Set,2,1650,4200,1955,5.43,0,True
Bearing2_4,Full_Test_Set,2,1650,4200,751,2.08,0,True
Bearing2_5,Full_Test_Set,2,1650,4200,2311,6.42,0,True
Bearing2_6,Full_Test_Set,2,1650,4200,701,1.94,0,True
Bearing2_7,Full_Test_Set,2,1650,4200,230,0.64,0,True
Bearing3_3,Full_Test_Set,3,1500,5000,434,1.2,0,True
Bearing1_1,Learning_set,1,1800,4000,2803,7.78,3,True
Bearing1_2,Learning_set,1,1800,4000,871,2.42,0,True
Bearing2_1,Learning_set,2,1650,4200,911,2.53,0,True
Bearing2_2,Learning_set,2,1650,4200,797,2.21,0,True
Bearing3_1,Learning_set,3,1500,5000,515,1.43,0,True
Bearing3_2,Learning_set,3,1500,5000,1637,4.54,0,True
Bearing1_3,Test_set,1,1800,4000,1802,5.0,0,False
Bearing1_4,Test_set,1,1800,4000,1139,3.16,0,False
Bearing1_5,Test_set,1,1800,4000,2302,6.39,0,False
Bearing1_6,Test_set,1,1800,4000,2302,6.39,0,False
Bearing1_7,Test_set,1,1800,4000,1502,4.17,0,False
Bearing2_3,Test_set,2,1650,4200,1202,3.34,0,False
Bearing2_4,Test_set,2,1650,4200,612,1.7,0,False
Bearing2_5,Test_set,2,1650,4200,2002,5.56,0,False
Bearing2_6,Test_set,2,1650,4200,572,1.59,0,False
Bearing2_7,Test_set,2,1650,4200,172,0.48,0,False
Bearing3_3,Test_set,3,1500,5000,352,0.98,0,False
